Individual code	Accession	Origin	URL
TS-14	SRX697461	Ecuador	https://sra-downloadb.be-md.ncbi.nlm.nih.gov/sos1/sra-pub-run-1/SRR1571027/SRR1571027.2
TS-15	SRX698375	Ecuador	https://sra-downloadb.be-md.ncbi.nlm.nih.gov/sos2/sra-pub-run-11/SRR1572233/SRR1572233.1
TS-16	SRX698376	Ecuador	https://sra-downloadb.be-md.ncbi.nlm.nih.gov/sos1/sra-pub-run-5/SRR1572234/SRR1572234.2
TS-17	SRX698377	Peru	https://sra-downloadb.be-md.ncbi.nlm.nih.gov/sos2/sra-pub-run-7/SRR1572235/SRR1572235.2
TS-18	SRX698378	Peru	https://sra-downloadb.be-md.ncbi.nlm.nih.gov/sos1/sra-pub-run-5/SRR1572236/SRR1572236.2
TS-19	SRX698379	Peru	https://sra-downloadb.be-md.ncbi.nlm.nih.gov/sos1/sra-pub-run-5/SRR1572237/SRR1572237.2
TS-20	SRX698380	Peru	https://sra-downloadb.be-md.ncbi.nlm.nih.gov/sos1/sra-pub-run-5/SRR1572238/SRR1572238.2
TS-21	SRX698381	Peru	https://sra-downloadb.be-md.ncbi.nlm.nih.gov/sos1/sra-pub-run-5/SRR1572239/SRR1572239.2
TS-22	SRX698382	Peru	https://sra-downloadb.be-md.ncbi.nlm.nih.gov/sos1/sra-pub-run-5/SRR1572240/SRR1572240.2
TS-23	SRX698383	Peru	https://sra-downloadb.be-md.ncbi.nlm.nih.gov/sos1/sra-pub-run-5/SRR1572241/SRR1572241.2
TS-30	SRX698448:	Guatemala	https://sra-downloadb.be-md.ncbi.nlm.nih.gov/sos2/sra-pub-run-11/SRR1572306/SRR1572306.1
TS-31	SRX698451	Honduras	https://sra-downloadb.be-md.ncbi.nlm.nih.gov/sos2/sra-pub-run-11/SRR1572309/SRR1572309.1
TS-32	SRX698453	Bolivia	https://sra-downloadb.be-md.ncbi.nlm.nih.gov/sos2/sra-pub-run-11/SRR1572311/SRR1572311.1
TS-33	SRX698454	Ecuador	https://sra-downloadb.be-md.ncbi.nlm.nih.gov/sos2/sra-pub-run-11/SRR1572312/SRR1572312.1
TS-34	SRX698456	Peru	https://sra-downloadb.be-md.ncbi.nlm.nih.gov/sos2/sra-pub-run-11/SRR1572314/SRR1572314.1
TS-36	SRX698458	Guatemala	https://sra-downloadb.be-md.ncbi.nlm.nih.gov/sos2/sra-pub-run-11/SRR1572316/SRR1572316.1
TS-37	SRX698460	Peru	https://sra-downloadb.be-md.ncbi.nlm.nih.gov/sos2/sra-pub-run-11/SRR1572318/SRR1572318.1
TS-38	SRX698463	Colombia	https://sra-downloadb.be-md.ncbi.nlm.nih.gov/sos2/sra-pub-run-11/SRR1572321/SRR1572321.1
TS-48	SRX698613	Mexico	https://sra-downloadb.be-md.ncbi.nlm.nih.gov/sos1/sra-pub-run-5/SRR1572471/SRR1572471.1
TS-50	SRX698385	Ecuador	https://sra-downloadb.be-md.ncbi.nlm.nih.gov/sos1/sra-pub-run-5/SRR1572243/SRR1572243.1
TS-53	SRX698468	Ecuador	https://sra-downloadb.be-md.ncbi.nlm.nih.gov/sos1/sra-pub-run-5/SRR1572326/SRR1572326.1
TS-56	SRX698470	Peru	https://sra-downloadb.be-md.ncbi.nlm.nih.gov/sos1/sra-pub-run-5/SRR1572328/SRR1572328.1
TS-57	SRX698471	Peru	https://sra-downloadb.be-md.ncbi.nlm.nih.gov/sos1/sra-pub-run-5/SRR1572329/SRR1572329.1
TS-61	SRX698473	Peru	https://sra-downloadb.be-md.ncbi.nlm.nih.gov/sos1/sra-pub-run-5/SRR1572330/SRR1572330.1
TS-66	SRX698480	Peru	https://sra-downloadb.be-md.ncbi.nlm.nih.gov/sos1/sra-pub-run-5/SRR1572338/SRR1572338.1
TS-68	SRX698622	Peru	https://sra-downloadb.be-md.ncbi.nlm.nih.gov/sos1/sra-pub-run-5/SRR1572480/SRR1572480.1
TS-69	SRX698624	Mexico	https://sra-downloadb.be-md.ncbi.nlm.nih.gov/sos1/sra-pub-run-5/SRR1572482/SRR1572482.1
TS-77	SRX698386	Ecuador	https://sra-downloadb.be-md.ncbi.nlm.nih.gov/sos1/sra-pub-run-5/SRR1572244/SRR1572244.1
TS-79	SRX698387	Peru	https://sra-downloadb.be-md.ncbi.nlm.nih.gov/sos1/sra-pub-run-5/SRR1572245/SRR1572245.1
TS-87	SRX698490	Peru	https://sra-downloadb.be-md.ncbi.nlm.nih.gov/sos1/sra-pub-run-5/SRR1572348/SRR1572348.1
TS-92	SRX698388	Peru	https://sra-downloadb.be-md.ncbi.nlm.nih.gov/sos1/sra-pub-run-5/SRR1572246/SRR1572246.1
TS-96	SRX698495	Mexico	https://sra-downloadb.be-md.ncbi.nlm.nih.gov/sos1/sra-pub-run-5/SRR1572353/SRR1572353.1
TS-105	SRX698503	Costa Rica	https://sra-downloadb.be-md.ncbi.nlm.nih.gov/sos1/sra-pub-run-1/SRR1572361/SRR1572361.1
TS-106	SRX698504	Costa Rica	https://sra-downloadb.be-md.ncbi.nlm.nih.gov/sos1/sra-pub-run-1/SRR1572362/SRR1572362.1
TS-116	SRX698507	Peru	https://sra-downloadb.be-md.ncbi.nlm.nih.gov/sos1/sra-pub-run-5/SRR1572365/SRR1572365.1
TS-118	SRX698508	Ecuador	https://sra-downloadb.be-md.ncbi.nlm.nih.gov/sos1/sra-pub-run-5/SRR1572366/SRR1572366.1
TS-123	SRX698389	Peru	https://sra-downloadb.be-md.ncbi.nlm.nih.gov/sos1/sra-pub-run-1/SRR1572247/SRR1572247.1
TS-124	SRX698390	Ecuador	https://sra-downloadb.be-md.ncbi.nlm.nih.gov/sos1/sra-pub-run-5/SRR1572248/SRR1572248.1
TS-127	SRX698666	Peru	https://sra-downloadb.be-md.ncbi.nlm.nih.gov/sos1/sra-pub-run-1/SRR1572524/SRR1572524.1
TS-129	SRX698514	Peru	https://sra-downloadb.be-md.ncbi.nlm.nih.gov/sos1/sra-pub-run-1/SRR1572372/SRR1572372.1
TS-134	SRX698516	Ecuador	https://sra-downloadb.be-md.ncbi.nlm.nih.gov/sos1/sra-pub-run-5/SRR1572374/SRR1572374.1
TS-135	SRX698672	Chile	https://sra-downloadb.be-md.ncbi.nlm.nih.gov/sos1/sra-pub-run-5/SRR1572530/SRR1572530.1
TS-144	SRX698391	Ecuador	https://sra-downloadb.be-md.ncbi.nlm.nih.gov/sos1/sra-pub-run-5/SRR1572249/SRR1572249.1
TS-145	SRX698392	Peru	https://sra-downloadb.be-md.ncbi.nlm.nih.gov/sos1/sra-pub-run-5/SRR1572250/SRR1572250.1
TS-146	SRX698827	Peru	https://sra-downloadb.be-md.ncbi.nlm.nih.gov/sos1/sra-pub-run-5/SRR1572685/SRR1572685.1
TS-148	SRX698518	Peru	https://sra-downloadb.be-md.ncbi.nlm.nih.gov/sos1/sra-pub-run-5/SRR1572376/SRR1572376.1
TS-150	SRX698683	Peru	https://sra-downloadb.be-md.ncbi.nlm.nih.gov/sos1/sra-pub-run-5/SRR1572541/SRR1572541.1
TS-152	SRX698687	Brazil	https://sra-downloadb.be-md.ncbi.nlm.nih.gov/sos1/sra-pub-run-5/SRR1572545/SRR1572545.1
TS-153	SRX698688	Mexico	https://sra-downloadb.be-md.ncbi.nlm.nih.gov/sos1/sra-pub-run-5/SRR1572546/SRR1572546.1
TS-154	SRX698520	Mexico	https://sra-downloadb.be-md.ncbi.nlm.nih.gov/sos1/sra-pub-run-5/SRR1572378/SRR1572378.1
TS-156	SRX698393	Peru	https://sra-downloadb.be-md.ncbi.nlm.nih.gov/sos1/sra-pub-run-5/SRR1572251/SRR1572251.1
TS-158	SRX698521	Peru	https://sra-downloadb.be-md.ncbi.nlm.nih.gov/sos1/sra-pub-run-5/SRR1572379/SRR1572379.1
TS-164	SRX698395	Peru	https://sra-downloadb.be-md.ncbi.nlm.nih.gov/sos1/sra-pub-run-5/SRR1572253/SRR1572253.1
TS-165	SRX698522	Mexico	https://sra-downloadb.be-md.ncbi.nlm.nih.gov/sos1/sra-pub-run-5/SRR1572380/SRR1572380.1
TS-166	SRX698698	Peru	https://sra-downloadb.be-md.ncbi.nlm.nih.gov/sos1/sra-pub-run-5/SRR1572556/SRR1572556.1
TS-167	SRX698700	Honduras	https://sra-downloadb.be-md.ncbi.nlm.nih.gov/sos1/sra-pub-run-5/SRR1572558/SRR1572558.1
TS-181	SRX698524	Mexico	https://sra-downloadb.be-md.ncbi.nlm.nih.gov/sos1/sra-pub-run-1/SRR1572382/SRR1572382.1
TS-182	SRX698396	Peru	https://sra-downloadb.be-md.ncbi.nlm.nih.gov/sos1/sra-pub-run-5/SRR1572254/SRR1572254.1
TS-184	SRX698717	Peru	https://sra-downloadb.be-md.ncbi.nlm.nih.gov/sos1/sra-pub-run-5/SRR1572575/SRR1572575.1
TS-199	SRX698830	Ecuador	https://sra-downloadb.be-md.ncbi.nlm.nih.gov/sos1/sra-pub-run-5/SRR1572688/SRR1572688.1
TS-201	SRX698735	El Salvador	https://sra-downloadb.be-md.ncbi.nlm.nih.gov/sos1/sra-pub-run-5/SRR1572593/SRR1572593.1
TS-202	SRX698527	Brazil	https://sra-downloadb.be-md.ncbi.nlm.nih.gov/sos1/sra-pub-run-5/SRR1572385/SRR1572385.1
TS-207	SRX698831	Ecuador	https://sra-downloadb.be-md.ncbi.nlm.nih.gov/sos1/sra-pub-run-5/SRR1572689/SRR1572689.1
TS-208	SRX698828	Ecuador	https://sra-downloadb.be-md.ncbi.nlm.nih.gov/sos1/sra-pub-run-5/SRR1572686/SRR1572686.1
TS-217	SRX698832	Ecuador	 https://sra-downloadb.be-md.ncbi.nlm.nih.gov/sos1/sra-pub-run-5/SRR1572690/SRR1572690.1
TS-221	SRX698534	Mexico	https://sra-downloadb.be-md.ncbi.nlm.nih.gov/sos1/sra-pub-run-5/SRR1572392/SRR1572392.1
TS-223	SRX698535	Peru	https://sra-downloadb.be-md.ncbi.nlm.nih.gov/sos1/sra-pub-run-5/SRR1572393/SRR1572393.1
TS-224	SRX698750	Ecuador	https://sra-downloadb.be-md.ncbi.nlm.nih.gov/sos1/sra-pub-run-1/SRR1572608/SRR1572608.1
TS-229	SRX698539	Brazil	https://sra-downloadb.be-md.ncbi.nlm.nih.gov/sos1/sra-pub-run-5/SRR1572397/SRR1572397.1
TS-233	SRX698543	Mexico	https://sra-downloadb.be-md.ncbi.nlm.nih.gov/sos1/sra-pub-run-5/SRR1572401/SRR1572401.1
TS-238	SRX698544	Ecuador	https://sra-downloadb.be-md.ncbi.nlm.nih.gov/sos1/sra-pub-run-5/SRR1572402/SRR1572402.1
TS-241	SRX698764	Ecuador	https://sra-downloadb.be-md.ncbi.nlm.nih.gov/sos1/sra-pub-run-5/SRR1572621/SRR1572621.1
TS-242	SRX698765	Peru	https://sra-downloadb.be-md.ncbi.nlm.nih.gov/sos1/sra-pub-run-5/SRR1572623/SRR1572623.1
TS-244	SRX698398	Peru	https://sra-downloadb.be-md.ncbi.nlm.nih.gov/sos1/sra-pub-run-5/SRR1572256/SRR1572256.1
TS-247	SRX698548	Peru	https://sra-downloadb.be-md.ncbi.nlm.nih.gov/sos1/sra-pub-run-5/SRR1572406/SRR1572406.1
TS-249	SRX698768	Mexico	https://sra-downloadb.be-md.ncbi.nlm.nih.gov/sos1/sra-pub-run-5/SRR1572626/SRR1572626.1
TS-256	SRX698772	Peru	https://sra-downloadb.be-md.ncbi.nlm.nih.gov/sos1/sra-pub-run-5/SRR1572630/SRR1572630.1
TS-261	SRX698774	Brazil	https://sra-downloadb.be-md.ncbi.nlm.nih.gov/sos1/sra-pub-run-5/SRR1572632/SRR1572632.1
TS-262	SRX698558	Ecuador	https://sra-downloadb.be-md.ncbi.nlm.nih.gov/sos1/sra-pub-run-5/SRR1572416/SRR1572416.1
TS-265	SRX698399	Peru	https://sra-downloadb.be-md.ncbi.nlm.nih.gov/sos1/sra-pub-run-5/SRR1572257/SRR1572257.1
TS-266	SRX698400	Peru	https://sra-downloadb.be-md.ncbi.nlm.nih.gov/sos1/sra-pub-run-5/SRR1572258/SRR1572258.1
TS-267	SRX698401	Bolivia	https://sra-downloadb.be-md.ncbi.nlm.nih.gov/sos1/sra-pub-run-5/SRR1572259/SRR1572259.1
TS-273	SRX698560	Peru	https://sra-downloadb.be-md.ncbi.nlm.nih.gov/sos1/sra-pub-run-1/SRR1572418/SRR1572418.1
TS-281	SRX698563	Peru	https://sra-downloadb.be-md.ncbi.nlm.nih.gov/sos1/sra-pub-run-5/SRR1572421/SRR1572421.1
TS-289*	SRX698569	Ecuador	https://sra-downloadb.be-md.ncbi.nlm.nih.gov/sos1/sra-pub-run-5/SRR1572427/SRR1572427.1
TS-290	SRX698570	Peru	https://sra-downloadb.be-md.ncbi.nlm.nih.gov/sos1/sra-pub-run-1/SRR1572428/SRR1572428.1
TS-291	SRX698404	Peru	https://sra-downloadb.be-md.ncbi.nlm.nih.gov/sos1/sra-pub-run-5/SRR1572262/SRR1572262.1
TS-295	SRX698573	Ecuador	https://sra-downloadb.be-md.ncbi.nlm.nih.gov/sos1/sra-pub-run-5/SRR1572431/SRR1572431.1
TS-298	SRX698575	Peru	https://sra-downloadb.be-md.ncbi.nlm.nih.gov/sos1/sra-pub-run-5/SRR1572433/SRR1572433.1
TS-299	SRX698577	Ecuador	https://sra-downloadb.be-md.ncbi.nlm.nih.gov/sos1/sra-pub-run-5/SRR1572435/SRR1572435.1
TS-300	SRX698579	Ecuador	https://sra-downloadb.be-md.ncbi.nlm.nih.gov/sos1/sra-pub-run-5/SRR1572437/SRR1572437.1
TS-301	SRX698580	Peru	https://sra-downloadb.be-md.ncbi.nlm.nih.gov/sos1/sra-pub-run-5/SRR1572438/SRR1572438.1
TS-302	SRX698581	Brazil	https://sra-downloadb.be-md.ncbi.nlm.nih.gov/sos1/sra-pub-run-5/SRR1572439/SRR1572439.1
TS-304	SRX698584	Peru	https://sra-downloadb.be-md.ncbi.nlm.nih.gov/sos1/sra-pub-run-5/SRR1572442/SRR1572442.1
TS-402	SRX698835	Peru	 https://sra-downloadb.be-md.ncbi.nlm.nih.gov/sos1/sra-pub-run-5/SRR1572693/SRR1572693.1
TS-403	SRX698836	Chile	https://sra-downloadb.be-md.ncbi.nlm.nih.gov/sos1/sra-pub-run-5/SRR1572694/SRR1572694.1
TS-404	SRX698837	Peru	https://sra-downloadb.be-md.ncbi.nlm.nih.gov/sos1/sra-pub-run-5/SRR1572695/SRR1572695.1
TS-408	SRX698838	Peru	https://sra-downloadb.be-md.ncbi.nlm.nih.gov/sos1/sra-pub-run-5/SRR1572696/SRR1572696.1
TS-411	SRX698408	Peru	https://sra-downloadb.be-md.ncbi.nlm.nih.gov/sos1/sra-pub-run-5/SRR1572266/SRR1572266.1
TS-413	SRX698411	Ecuador	https://sra-downloadb.be-md.ncbi.nlm.nih.gov/sos1/sra-pub-run-5/SRR1572269/SRR1572269.1
TS-414	SRX698412	Peru	https://sra-downloadb.be-md.ncbi.nlm.nih.gov/sos1/sra-pub-run-5/SRR1572270/SRR1572270.1
TS-415	SRX698413	Peru	https://sra-downloadb.be-md.ncbi.nlm.nih.gov/sos1/sra-pub-run-5/SRR1572271/SRR1572271.1
TS-417	SRX698415	Peru	https://sra-downloadb.be-md.ncbi.nlm.nih.gov/sos1/sra-pub-run-5/SRR1572273/SRR1572273.1
TS-418	SRX698416	Peru	https://sra-downloadb.be-md.ncbi.nlm.nih.gov/sos1/sra-pub-run-5/SRR1572274/SRR1572274.1
TS-419	SRX698417	Peru	https://sra-downloadb.be-md.ncbi.nlm.nih.gov/sos1/sra-pub-run-5/SRR1572275/SRR1572275.1
TS-420	SRX698418	Peru	https://sra-downloadb.be-md.ncbi.nlm.nih.gov/sos1/sra-pub-run-5/SRR1572276/SRR1572276.1
TS-421	SRX698419	Peru	https://sra-downloadb.be-md.ncbi.nlm.nih.gov/sos1/sra-pub-run-5/SRR1572277/SRR1572277.1
TS-423*	SRX698585	Peru	https://sra-downloadb.be-md.ncbi.nlm.nih.gov/sos1/sra-pub-run-5/SRR1572443/SRR1572443.1
TS-425	SRX698423	Peru	https://sra-downloadb.be-md.ncbi.nlm.nih.gov/sos1/sra-pub-run-5/SRR1572281/SRR1572281.1
TS-426*	SRX698587	Ecuador 	https://sra-downloadb.be-md.ncbi.nlm.nih.gov/sos1/sra-pub-run-5/SRR1572445/SRR1572445.1
TS-427*	SRX698588	Peru	https://sra-downloadb.be-md.ncbi.nlm.nih.gov/sos1/sra-pub-run-5/SRR1572446/SRR1572446.1
TS-428*	SRX698589	Peru	https://sra-downloadb.be-md.ncbi.nlm.nih.gov/sos1/sra-pub-run-5/SRR1572447/SRR1572447.1
TS-429	SRX698424	Peru	https://sra-downloadb.be-md.ncbi.nlm.nih.gov/sos1/sra-pub-run-5/SRR1572282/SRR1572282.1
TS-430*	SRX698591	Peru	https://sra-downloadb.be-md.ncbi.nlm.nih.gov/sos1/sra-pub-run-5/SRR1572449/SRR1572449.1
TS-431*	SRX698592	Peru	https://sra-downloadb.be-md.ncbi.nlm.nih.gov/sos1/sra-pub-run-5/SRR1572450/SRR1572450.1
TS-432	SRX698426	Mexico	https://sra-downloadb.be-md.ncbi.nlm.nih.gov/sos1/sra-pub-run-5/SRR1572284/SRR1572284.1
TS-434	SRX698429	Peru	https://sra-downloadb.be-md.ncbi.nlm.nih.gov/sos1/sra-pub-run-5/SRR1572287/SRR1572287.1
TS-435	SRX698430	Peru	https://sra-downloadb.be-md.ncbi.nlm.nih.gov/sos1/sra-pub-run-5/SRR1572288/SRR1572288.1
TS-437	SRX698431	Peru	https://sra-downloadb.be-md.ncbi.nlm.nih.gov/sos1/sra-pub-run-5/SRR1572289/SRR1572289.1
TS-439	SRX698434	Peru	https://sra-downloadb.be-md.ncbi.nlm.nih.gov/sos1/sra-pub-run-5/SRR1572292/SRR1572292.1
TS-440	SRX698435	Ecuador	https://sra-downloadb.be-md.ncbi.nlm.nih.gov/sos1/sra-pub-run-5/SRR1572293/SRR1572293.1
